type,title,date
CENTER NEWS,Using Genomics to Reevaluate Conservation Units for the Columbia Spotted Frog,"AUGUST 26, 2022"
CENTER NEWS,Using Genomics to Reevaluate Conservation Units for the Columbia Spotted Frog,"AUGUST 26, 2022"
CENTER NEWS,Using Genomics to Reevaluate Conservation Units for the Columbia Spotted Frog,"AUGUST 26, 2022"
CENTER NEWS,Using Genomics to Reevaluate Conservation Units for the Columbia Spotted Frog,"AUGUST 26, 2022"
CENTER NEWS,Using Genomics to Reevaluate Conservation Units for the Columbia Spotted Frog,"AUGUST 26, 2022"
CENTER NEWS,Using Genomics to Reevaluate Conservation Units for the Columbia Spotted Frog,"AUGUST 26, 2022"
CENTER NEWS,Using Genomics to Reevaluate Conservation Units for the Columbia Spotted Frog,"AUGUST 26, 2022"
CENTER NEWS,Using Genomics to Reevaluate Conservation Units for the Columbia Spotted Frog,"AUGUST 26, 2022"
CENTER NEWS,Using Genomics to Reevaluate Conservation Units for the Columbia Spotted Frog,"AUGUST 26, 2022"
CENTER NEWS,Using Genomics to Reevaluate Conservation Units for the Columbia Spotted Frog,"AUGUST 26, 2022"
